id,item,hold_time,degas,post_sort_location,service_part,sort_time,standard_pack_size
30,806370,24,0,NULL,0,NULL,NULL
31,806490,8,0,NULL,0,NULL,NULL
32,806360,0,24,NULL,0,NULL,NULL
33,805930,24,0,NULL,0,NULL,NULL
34,802500,24,0,NULL,0,NULL,NULL
35,803750,8,0,NULL,0,NULL,NULL
36,803760,8,0,NULL,0,NULL,NULL
37,803770,8,0,NULL,0,NULL,NULL
38,804700,24,0,NULL,0,NULL,NULL
39,805440,96,0,NULL,0,NULL,NULL
40,805550,8,0,NULL,0,NULL,NULL
41,806120,48,0,NULL,0,NULL,NULL
42,806570,4,0,NULL,0,NULL,NULL
43,819960,24,0,NULL,0,NULL,NULL
44,858700,24,0,NULL,0,NULL,NULL
45,802760,12,0,NULL,0,NULL,NULL
46,803990,0,24,NULL,0,NULL,NULL
47,804250,0,24,NULL,0,NULL,NULL
48,804280,0,24,NULL,0,NULL,NULL
49,805080,0,24,NULL,0,NULL,NULL
50,805190,0,24,NULL,0,NULL,NULL
51,805250,0,24,NULL,0,NULL,NULL
52,805360,0,24,NULL,0,NULL,NULL
53,805520,0,24,NULL,0,NULL,NULL
54,805530,0,24,NULL,0,NULL,NULL
55,805540,0,24,NULL,0,NULL,NULL
56,806000,0,24,NULL,0,NULL,NULL
57,806210,0,24,NULL,0,NULL,NULL
58,806720,8,24,NULL,0,NULL,NULL
59,807860,24,0,NULL,0,NULL,NULL
60,807870,0,24,NULL,0,NULL,NULL
61,808760,0,24,NULL,0,NULL,NULL
62,814840,0,24,NULL,0,NULL,NULL
63,819680,0,24,NULL,0,NULL,NULL
64,093311,0,0,NULL,1,NULL,2000
65,010021,0,0,NULL,1,NULL,400
66,010051,0,0,NULL,1,NULL,1750
67,010061,0,0,NULL,1,NULL,2250
68,010091,0,0,NULL,1,NULL,NULL
69,010161,0,0,NULL,1,NULL,NULL
70,010181,0,0,NULL,1,NULL,NULL
71,010251,0,0,NULL,1,NULL,NULL
72,010331,0,0,NULL,1,NULL,NULL
73,010441,0,0,NULL,1,NULL,1000
74,010461,0,0,NULL,1,NULL,833
75,010681,0,0,NULL,1,NULL,1000
76,010771,0,0,NULL,1,NULL,1000
77,010791,0,0,NULL,1,NULL,1250
78,010801,0,0,NULL,1,NULL,360
79,010841,0,0,NULL,1,NULL,480
80,010971,0,0,NULL,1,NULL,500
81,011121,0,0,NULL,1,NULL,NULL
82,011141,0,0,NULL,1,NULL,400
83,011151,0,0,NULL,1,NULL,5000
84,011181,0,0,NULL,1,NULL,250
85,011191,0,0,NULL,1,NULL,NULL
86,011251,0,0,NULL,1,NULL,700
87,011271,0,0,NULL,1,NULL,500
88,011281,0,0,NULL,1,NULL,NULL
89,011811,0,0,NULL,1,NULL,350
90,011931,0,0,NULL,1,NULL,700
91,011951,0,0,NULL,1,NULL,400
92,011961,0,0,NULL,1,NULL,500
93,012011,0,0,NULL,1,NULL,2000
94,012021,0,0,NULL,1,NULL,600
95,087441,0,0,NULL,1,NULL,NULL
96,090761,0,0,NULL,1,NULL,NULL
97,094241,0,0,NULL,1,NULL,NULL
98,099121,0,0,NULL,1,NULL,NULL
99,100121,0,0,NULL,1,NULL,NULL
100,100161,0,0,NULL,1,NULL,NULL
101,100171,0,0,NULL,1,NULL,NULL
102,100176,0,0,NULL,1,NULL,NULL
103,100271,0,0,NULL,1,NULL,NULL
104,100451,0,0,NULL,1,NULL,NULL
105,100491,0,0,NULL,1,NULL,NULL
106,100541,0,0,NULL,1,NULL,2500
107,100711,0,0,NULL,1,NULL,NULL
108,100751,0,0,NULL,1,NULL,NULL
109,100781,0,0,NULL,1,NULL,NULL
110,100891,0,0,NULL,1,NULL,NULL
111,100971,0,0,NULL,1,NULL,2500
112,100991,0,0,NULL,1,NULL,NULL
113,101141,0,0,NULL,1,NULL,4000
114,101181,0,0,NULL,1,NULL,2000
115,101191,0,0,NULL,1,NULL,1700
116,101201,0,0,NULL,1,NULL,2000
117,101401,0,0,NULL,1,NULL,2150
118,101441,0,0,NULL,1,NULL,3333
119,101561,0,0,NULL,1,NULL,NULL
120,101571,0,0,NULL,1,NULL,2500
121,101581,0,0,NULL,1,NULL,NULL
122,101611,0,0,NULL,1,NULL,934
123,101661,0,0,NULL,1,NULL,NULL
124,101721,0,0,NULL,1,NULL,NULL
125,101731,0,0,NULL,1,NULL,NULL
126,101751,0,0,NULL,1,NULL,5000
127,101931,0,0,NULL,1,NULL,666
128,101951,0,0,NULL,1,NULL,NULL
129,101991,0,0,NULL,1,NULL,NULL
130,102011,0,0,NULL,1,NULL,5000
131,102031,0,0,NULL,1,NULL,NULL
132,102101,0,0,NULL,1,NULL,NULL
133,102111,0,0,NULL,1,NULL,800
134,102121,0,0,NULL,1,NULL,NULL
135,102141,0,0,NULL,1,NULL,1500
136,102161,0,0,NULL,1,NULL,1000
137,102171,0,0,NULL,1,NULL,NULL
138,102191,0,0,NULL,1,NULL,NULL
139,102221,0,0,NULL,1,NULL,NULL
140,102241,0,0,NULL,1,NULL,2300
141,102251,0,0,NULL,1,NULL,2000
142,102271,0,0,NULL,1,NULL,500
143,102301,0,0,NULL,1,NULL,NULL
144,102481,0,0,NULL,1,NULL,1500
145,102521,0,0,NULL,1,NULL,NULL
146,102921,0,0,NULL,1,NULL,NULL
147,106391,0,0,NULL,1,NULL,NULL
148,106811,0,0,NULL,1,NULL,NULL
149,193301,0,0,NULL,1,NULL,2500
150,196401,0,0,NULL,1,NULL,NULL
151,199801,0,0,NULL,1,NULL,NULL
152,199841,0,0,NULL,1,NULL,NULL
153,300881,0,0,NULL,1,NULL,NULL
154,300971,0,0,NULL,1,NULL,NULL
155,301921,0,0,NULL,1,NULL,NULL
156,301971,0,0,NULL,1,NULL,1500
157,302031,0,0,NULL,1,NULL,NULL
158,302071,0,0,NULL,1,NULL,NULL
159,302101,0,0,NULL,1,NULL,3000
160,302111,0,0,NULL,1,NULL,2000
161,302350,0,0,NULL,1,NULL,NULL
162,302371,0,0,NULL,1,NULL,NULL
163,302441,0,0,NULL,1,NULL,NULL
164,302991,0,0,NULL,1,NULL,NULL
165,303341,0,0,NULL,1,NULL,750
166,303521,0,0,NULL,1,NULL,500
167,304050,0,0,NULL,1,NULL,NULL
168,304200,0,0,NULL,1,NULL,NULL
169,306511,0,0,NULL,1,NULL,500
170,309420,0,0,NULL,1,NULL,NULL
171,309561,0,0,NULL,1,NULL,NULL
172,309601,0,0,NULL,1,NULL,400
173,400590,0,0,NULL,1,NULL,NULL
174,401070,0,0,NULL,1,NULL,NULL
175,401260,0,0,NULL,1,NULL,NULL
176,401280,0,0,NULL,1,NULL,NULL
177,500210,0,0,NULL,1,NULL,NULL
178,500620,0,0,NULL,1,NULL,NULL
179,819520,0,0,NULL,1,NULL,NULL
180,010391,0,0,NULL,0,NULL,500
181,010291,0,0,NULL,0,NULL,600
182,010571,0,0,NULL,0,NULL,2000
183,010611,0,0,NULL,0,NULL,2000
184,010631,0,0,NULL,0,NULL,700
185,010701,0,0,NULL,0,NULL,2000
186,010781,0,0,NULL,0,NULL,800
187,010871,0,0,NULL,0,NULL,2500
188,010931,0,0,NULL,0,NULL,700
189,010941,0,0,NULL,0,NULL,3000
190,010951,0,0,NULL,0,NULL,480
191,010981,0,0,NULL,0,NULL,2000
192,011001,0,0,NULL,0,NULL,1600
193,011011,0,0,NULL,0,NULL,3000
195,011051,0,0,NULL,0,NULL,250
196,011111,0,0,NULL,0,NULL,667
197,011161,0,0,NULL,0,NULL,1000
198,011201,0,0,NULL,0,NULL,700
199,011211,0,0,NULL,0,NULL,550
200,011221,0,0,NULL,0,NULL,450
201,011231,0,0,NULL,0,NULL,1000
202,011261,0,0,NULL,0,NULL,500
203,011291,0,0,NULL,0,NULL,1500
204,011301,0,0,NULL,0,NULL,500
205,011311,0,0,NULL,0,NULL,2500
206,011361,0,0,NULL,0,NULL,400
207,011331,0,0,NULL,0,NULL,300
208,011371,0,0,NULL,0,NULL,2500
209,011411,0,0,NULL,0,NULL,600
210,011351,0,0,NULL,0,NULL,4500
211,011441,0,0,NULL,0,NULL,NULL
212,011631,0,0,NULL,0,NULL,800
213,011641,0,0,NULL,0,NULL,400
214,016442,0,0,NULL,0,NULL,5000
215,016491,0,0,NULL,0,NULL,NULL
216,011721,0,0,NULL,0,NULL,500
217,011741,0,0,NULL,0,NULL,250
218,011751,0,0,NULL,0,NULL,500
219,011801,0,0,NULL,0,NULL,1500
220,011851,0,0,NULL,0,NULL,500
221,011861,0,0,NULL,0,NULL,2000
222,011881,0,0,NULL,0,NULL,1000
223,011891,0,0,NULL,0,NULL,5000
224,011901,0,0,NULL,0,NULL,1000
225,011911,0,0,NULL,0,NULL,900
226,011921,0,0,NULL,0,NULL,800
227,011981,0,0,NULL,0,NULL,500
228,011991,0,0,NULL,0,NULL,NULL
229,012001,0,0,NULL,0,NULL,450
230,012031,0,0,NULL,0,NULL,1200
231,012051,0,0,NULL,0,NULL,700
232,012061,0,0,NULL,0,NULL,750
233,012071,0,0,NULL,0,NULL,250
234,012081,0,0,NULL,0,NULL,1000
235,012101,0,0,NULL,0,NULL,400
236,012141,0,0,NULL,0,NULL,800
237,012791,0,0,NULL,0,NULL,900
238,012861,0,0,NULL,0,NULL,500
239,013870,0,0,NULL,0,NULL,800
240,014841,0,0,NULL,0,NULL,600
241,016451,0,0,NULL,0,NULL,700
242,016471,0,0,NULL,0,NULL,900
243,016571,0,0,NULL,0,NULL,NULL
244,016501,0,0,NULL,0,NULL,560
245,016381,0,0,NULL,0,NULL,2312
246,016811,0,0,NULL,0,NULL,2000
247,016821,0,0,NULL,0,NULL,2000
248,016831,0,0,NULL,0,NULL,2000
249,090651,0,0,NULL,0,NULL,600
250,094481,0,0,NULL,0,NULL,2250
251,099301,0,0,NULL,0,NULL,2000
252,099311,0,0,NULL,0,NULL,NULL
253,100031,0,0,NULL,0,NULL,500
254,100341,0,0,NULL,0,NULL,1200
255,100351,0,0,NULL,0,NULL,900
256,100551,0,0,NULL,0,NULL,1500
257,100701,0,0,NULL,0,NULL,2500
258,100841,0,0,NULL,0,NULL,1300
259,100851,0,0,NULL,0,NULL,1500
260,100881,0,0,NULL,0,NULL,1000
261,100921,0,0,NULL,0,NULL,1500
262,100981,0,0,NULL,0,NULL,1000
263,101031,0,0,NULL,0,NULL,1200
264,101121,0,0,NULL,0,NULL,1500
265,101131,0,0,NULL,0,NULL,2000
266,101231,0,0,NULL,0,NULL,500
267,101241,0,0,NULL,0,NULL,350
268,101271,0,0,NULL,0,NULL,2000
269,101281,0,0,NULL,0,NULL,1000
270,101291,0,0,NULL,0,NULL,720
271,101301,0,0,NULL,0,NULL,1500
272,101311,0,0,NULL,0,NULL,1500
273,016872,0,0,NULL,0,NULL,1500
274,018672,0,0,NULL,0,NULL,600
275,016492,0,0,NULL,0,NULL,840
276,101321,0,0,NULL,0,NULL,2500
277,101331,0,0,NULL,0,NULL,1500
278,101351,0,0,NULL,0,NULL,1400
279,101361,0,0,NULL,0,NULL,500
280,101411,0,0,NULL,0,NULL,1500
281,101421,0,0,NULL,0,NULL,933
282,101451,0,0,NULL,0,NULL,2500
283,101481,0,0,NULL,0,NULL,1800
284,101541,0,0,NULL,0,NULL,1250
285,101551,0,0,NULL,0,NULL,1500
286,101601,0,0,NULL,0,NULL,1000
287,101621,0,0,NULL,0,NULL,750
288,101631,0,0,NULL,0,NULL,2016
289,101641,0,0,NULL,0,NULL,NULL
290,101651,0,0,NULL,0,NULL,1250
291,101681,0,0,NULL,0,NULL,1700
292,101741,0,0,NULL,0,NULL,3000
293,101781,0,0,NULL,0,NULL,2250
294,101831,0,0,CMET,0,NULL,834
295,101841,0,0,NULL,0,NULL,500
296,101981,0,0,NULL,0,NULL,690
297,102041,0,0,NULL,0,NULL,1000
298,102071,0,0,NULL,0,NULL,1600
299,102081,0,0,NULL,0,NULL,NULL
300,102181,0,0,NULL,0,NULL,1500
301,102261,0,0,NULL,0,NULL,1250
302,102281,0,0,NULL,0,NULL,1500
303,102291,0,0,NULL,0,NULL,NULL
304,102311,0,0,NULL,0,NULL,1800
305,102321,0,0,NULL,0,NULL,1500
306,102331,0,0,NULL,0,NULL,1250
307,102341,0,0,NULL,0,NULL,1000
308,102351,0,0,NULL,0,NULL,750
309,102381,0,0,NULL,0,NULL,1225
310,102411,0,0,NULL,0,NULL,415
311,102421,0,0,NULL,0,NULL,1500
312,102431,0,0,NULL,0,NULL,1250
313,102451,0,0,NULL,0,NULL,1390
314,102461,0,0,NULL,0,NULL,1600
315,102471,0,0,NULL,0,NULL,1500
316,102541,0,0,NULL,0,NULL,1000
317,102601,0,0,NULL,0,NULL,1300
318,102621,0,0,NULL,0,NULL,1500
319,102571,0,0,NULL,0,NULL,NULL
320,102791,0,0,NULL,0,NULL,1350
321,102801,0,0,NULL,0,NULL,1250
322,102811,0,0,NULL,0,NULL,900
323,102821,0,0,NULL,0,NULL,754
324,103361,0,0,NULL,0,NULL,2000
325,190771,0,0,NULL,0,NULL,2000
326,199831,0,0,NULL,0,NULL,1500
327,199851,0,0,NULL,0,NULL,1500
328,300441,0,0,NULL,0,NULL,5500
329,301961,0,0,NULL,0,NULL,495
330,302121,0,0,NULL,0,NULL,2000
331,302131,0,0,NULL,0,NULL,5000
332,302321,0,0,NULL,0,NULL,3000
333,302421,0,0,NULL,0,NULL,750
334,302461,0,0,NULL,0,NULL,2000
335,302492,0,0,NULL,0,NULL,1800
336,302521,0,0,NULL,0,NULL,2000
337,302661,0,0,NULL,0,NULL,250
338,302671,0,0,NULL,0,NULL,375
339,302791,0,0,NULL,0,NULL,200
340,302801,0,0,NULL,0,NULL,2000
341,302811,0,0,NULL,0,NULL,2000
342,302821,0,0,NULL,0,NULL,500
343,302951,0,0,NULL,0,NULL,1500
344,302961,0,0,NULL,0,NULL,3250
345,303311,0,0,NULL,0,NULL,2000
346,303321,0,0,NULL,0,NULL,2000
347,303541,0,0,NULL,0,NULL,1500
348,303561,0,0,NULL,0,NULL,600
349,303571,0,0,NULL,0,NULL,1100
350,303641,0,0,NULL,0,NULL,2000
351,303651,0,0,NULL,0,NULL,1750
352,303941,0,0,NULL,0,NULL,600
353,303971,0,0,NULL,0,NULL,375
354,303981,0,0,NULL,0,NULL,360
355,304221,0,0,NULL,0,NULL,1680
356,304371,0,0,NULL,0,NULL,2000
357,304381,0,0,NULL,0,NULL,3000
358,304731,0,0,NULL,0,NULL,400
359,309611,0,0,NULL,0,NULL,550
360,309651,0,0,NULL,0,NULL,NULL
361,304822,0,0,NULL,0,NULL,1000
362,304832,0,0,NULL,0,NULL,1000
363,010020,0,0,NULL,0,NULL,400
364,010050,0,0,NULL,0,NULL,3500
365,010060,0,0,NULL,0,NULL,4500
366,010290,0,0,NULL,0,NULL,600
367,010440,0,0,NULL,0,NULL,1000
368,010460,0,0,NULL,0,NULL,833
369,010570,0,0,NULL,0,NULL,2000
370,010610,0,0,NULL,0,NULL,2000
371,010630,0,0,NULL,0,NULL,700
372,010680,0,0,NULL,0,NULL,1000
373,010700,0,0,NULL,0,NULL,2000
374,010770,0,0,NULL,0,NULL,1000
375,010780,0,0,NULL,0,NULL,800
376,010790,0,0,NULL,0,NULL,1250
377,010800,0,0,NULL,0,NULL,360
378,010840,0,0,NULL,0,NULL,480
379,010870,0,0,NULL,0,NULL,2500
380,010930,0,0,NULL,0,NULL,700
381,010940,0,0,NULL,0,NULL,3000
382,010950,0,0,NULL,0,NULL,480
383,010970,0,0,NULL,0,NULL,1000
384,010980,0,0,NULL,0,NULL,2000
385,010000,0,0,NULL,0,NULL,1600
386,010010,0,0,NULL,0,NULL,3000
387,011020,0,0,NULL,0,NULL,600
388,011050,0,0,NULL,0,NULL,250
389,011110,0,0,NULL,0,NULL,667
390,011140,0,0,NULL,0,NULL,400
391,011150,0,0,NULL,0,NULL,5000
392,011160,0,0,NULL,0,NULL,1000
393,011180,0,0,NULL,0,NULL,250
394,011200,0,0,NULL,0,NULL,700
395,011210,0,0,NULL,0,NULL,450
396,011220,0,0,NULL,0,NULL,450
397,011230,0,0,NULL,0,NULL,1000
398,011250,0,0,NULL,0,NULL,700
399,011260,0,0,NULL,0,NULL,500
400,011270,0,0,NULL,0,NULL,600
401,011290,0,0,NULL,0,NULL,1500
402,011300,0,0,NULL,0,NULL,500
403,011310,0,0,NULL,0,NULL,2500
404,011360,0,0,NULL,0,NULL,400
405,01330,0,0,NULL,0,NULL,300
406,011350,0,0,NULL,0,NULL,4500
407,011370,0,0,NULL,0,NULL,5000
408,011410,0,0,NULL,0,NULL,2352
409,011630,0,0,NULL,0,NULL,800
410,011640,0,0,NULL,0,NULL,500
411,011720,0,0,NULL,0,NULL,500
412,011740,0,0,NULL,0,NULL,250
413,011750,0,0,NULL,0,NULL,500
414,011800,0,0,NULL,0,NULL,1500
415,011810,0,0,NULL,0,NULL,350
416,011850,0,0,NULL,0,NULL,1000
417,011860,0,0,NULL,0,NULL,2000
418,011880,0,0,NULL,0,NULL,1000
419,011890,0,0,NULL,0,NULL,5000
420,011900,0,0,NULL,0,NULL,1000
421,011910,0,0,NULL,0,NULL,900
422,011920,0,0,NULL,0,NULL,800
423,011930,0,0,NULL,0,NULL,700
424,011950,0,0,NULL,0,NULL,400
425,011960,0,0,NULL,0,NULL,500
426,011980,0,0,NULL,0,NULL,500
427,012000,0,0,NULL,0,NULL,450
428,012010,0,0,NULL,0,NULL,4000
429,012020,0,0,NULL,0,NULL,2500
430,012030,0,0,NULL,0,NULL,2500
431,012040,0,0,NULL,0,NULL,900
432,012050,0,0,NULL,0,NULL,700
433,012060,0,0,NULL,0,NULL,750
434,012070,0,0,NULL,0,NULL,250
435,012080,0,0,NULL,0,NULL,2000
436,012100,0,0,NULL,0,NULL,400
437,012140,0,0,NULL,0,NULL,800
438,012212,0,0,NULL,0,NULL,800
439,012790,0,0,NULL,0,NULL,900
440,012860,0,0,NULL,0,NULL,500
441,014840,0,0,NULL,0,NULL,600
442,016380,0,0,NULL,0,NULL,4624
443,016440,0,0,NULL,0,NULL,5000
444,016450,0,0,NULL,0,NULL,700
445,016470,0,0,NULL,0,NULL,900
446,016490,0,0,NULL,0,NULL,1680
447,016500,0,0,NULL,0,NULL,560
448,016810,0,0,NULL,0,NULL,2000
449,016820,0,0,NULL,0,NULL,2000
450,016870,0,0,NULL,0,NULL,3000
451,018760,0,0,NULL,0,NULL,768
452,090650,0,0,NULL,0,NULL,600
453,093310,0,0,NULL,0,NULL,4000
454,094480,0,0,NULL,0,NULL,2250
455,099300,0,0,NULL,0,NULL,2000
456,100030,0,0,NULL,0,NULL,500
457,100340,0,0,NULL,0,NULL,2500
458,100350,0,0,NULL,0,NULL,1800
459,100540,0,0,NULL,0,NULL,2500
460,100550,0,0,NULL,0,NULL,1500
461,100700,0,0,NULL,0,NULL,2500
462,100840,0,0,NULL,0,NULL,1300
463,100850,0,0,NULL,0,NULL,1500
464,100880,0,0,NULL,0,NULL,1000
465,100920,0,0,NULL,0,NULL,1500
466,100970,0,0,NULL,0,NULL,2500
467,100980,0,0,NULL,0,NULL,1000
468,101030,0,0,NULL,0,NULL,1200
469,101120,0,0,NULL,0,NULL,1500
470,101130,0,0,NULL,0,NULL,4000
471,101140,0,0,NULL,0,NULL,4000
472,101180,0,0,NULL,0,NULL,2000
473,101190,0,0,NULL,0,NULL,1700
474,101200,0,0,NULL,0,NULL,2000
475,101230,0,0,NULL,0,NULL,500
476,101240,0,0,NULL,0,NULL,350
477,101270,0,0,NULL,0,NULL,2000
478,101280,0,0,NULL,0,NULL,1000
479,101290,0,0,NULL,0,NULL,1080
480,101300,0,0,NULL,0,NULL,1500
481,101310,0,0,NULL,0,NULL,1500
482,101320,0,0,NULL,0,NULL,2500
483,101330,0,0,NULL,0,NULL,1500
484,101350,0,0,NULL,0,NULL,1400
485,101360,0,0,NULL,0,NULL,500
486,101400,0,0,NULL,0,NULL,2150
487,101410,0,0,NULL,0,NULL,1500
488,101420,0,0,NULL,0,NULL,933
489,101440,0,0,NULL,0,NULL,3333
490,101450,0,0,NULL,0,NULL,2500
491,101480,0,0,NULL,0,NULL,5400
492,101540,0,0,NULL,0,NULL,1250
493,101550,0,0,NULL,0,NULL,1500
494,101570,0,0,NULL,0,NULL,5000
495,101610,0,0,NULL,0,NULL,2800
496,101600,0,0,NULL,0,NULL,1000
497,101620,0,0,NULL,0,NULL,1500
498,101630,0,0,NULL,0,NULL,2016
499,101650,0,0,NULL,0,NULL,1250
500,101680,0,0,NULL,0,NULL,5100
501,101740,0,0,NULL,0,NULL,3000
502,101750,0,0,NULL,0,NULL,5000
503,101780,0,0,NULL,0,NULL,2250
504,101810,0,0,NULL,0,NULL,720
505,101820,0,0,NULL,0,NULL,780
506,101830,0,0,NULL,0,NULL,2500
507,101840,0,0,NULL,0,NULL,500
508,101930,0,0,NULL,0,NULL,665
509,101980,0,0,NULL,0,NULL,1350
510,102010,0,0,NULL,0,NULL,5000
511,102040,0,0,NULL,0,NULL,1000
512,102070,0,0,NULL,0,NULL,1600
513,102110,0,0,NULL,0,NULL,800
514,102140,0,0,NULL,0,NULL,1500
515,102160,0,0,NULL,0,NULL,1000
516,102180,0,0,NULL,0,NULL,1500
517,102240,0,0,NULL,0,NULL,6700
518,102250,0,0,NULL,0,NULL,6000
519,102260,0,0,NULL,0,NULL,2500
520,102270,0,0,NULL,0,NULL,500
521,102280,0,0,NULL,0,NULL,1500
522,102290,0,0,NULL,0,NULL,2700
523,102310,0,0,NULL,0,NULL,1800
524,102320,0,0,NULL,0,NULL,1500
525,102330,0,0,NULL,0,NULL,3000
526,102340,0,0,NULL,0,NULL,2000
527,102350,0,0,NULL,0,NULL,1500
528,102380,0,0,NULL,0,NULL,1225
529,102410,0,0,NULL,0,NULL,830
530,102420,0,0,NULL,0,NULL,3000
531,102430,0,0,NULL,0,NULL,2500
532,102450,0,0,NULL,0,NULL,5100
533,102460,0,0,NULL,0,NULL,1600
534,102470,0,0,NULL,0,NULL,1500
535,102480,0,0,NULL,0,NULL,6000
536,102540,0,0,NULL,0,NULL,1000
537,102600,0,0,NULL,0,NULL,2600
538,102620,0,0,NULL,0,NULL,3000
539,102790,0,0,NULL,0,NULL,2700
540,102800,0,0,NULL,0,NULL,2000
541,102810,0,0,NULL,0,NULL,2000
542,102820,0,0,NULL,0,NULL,2260
543,103360,0,0,NULL,0,NULL,4000
544,190770,0,0,NULL,0,NULL,2000
545,193300,0,0,NULL,0,NULL,2500
546,199830,0,0,NULL,0,NULL,1500
547,199850,0,0,NULL,0,NULL,1500
548,300440,0,0,NULL,0,NULL,5500
549,301960,0,0,NULL,0,NULL,1980
550,301970,0,0,NULL,0,NULL,1500
551,302100,0,0,NULL,0,NULL,3000
552,302110,0,0,NULL,0,NULL,2000
553,302120,0,0,NULL,0,NULL,2000
554,302130,0,0,NULL,0,NULL,5000
555,302320,0,0,NULL,0,NULL,3000
556,302420,0,0,NULL,0,NULL,750
557,302460,0,0,NULL,0,NULL,2000
558,302490,0,0,NULL,0,NULL,3600
559,302520,0,0,NULL,0,NULL,2000
560,302660,0,0,NULL,0,NULL,250
561,302670,0,0,NULL,0,NULL,375
562,302790,0,0,NULL,0,NULL,200
563,302800,0,0,NULL,0,NULL,2000
564,302810,0,0,NULL,0,NULL,2000
565,302820,0,0,NULL,0,NULL,500
566,302950,0,0,NULL,0,NULL,1500
567,302960,0,0,NULL,0,NULL,6500
568,303310,0,0,NULL,0,NULL,4000
569,303320,0,0,NULL,0,NULL,4000
570,303340,0,0,NULL,0,NULL,750
571,304530,0,0,NULL,0,NULL,3250
572,303520,0,0,NULL,0,NULL,500
573,303540,0,0,NULL,0,NULL,1500
574,303560,0,0,NULL,0,NULL,600
575,303570,0,0,NULL,0,NULL,2100
576,303640,0,0,NULL,0,NULL,2000
577,303650,0,0,NULL,0,NULL,4750
578,303660,0,0,NULL,0,NULL,1750
579,303940,0,0,NULL,0,NULL,1200
580,303970,0,0,NULL,0,NULL,375
581,303980,0,0,NULL,0,NULL,360
582,304220,0,0,NULL,0,NULL,1680
583,304370,0,0,NULL,0,NULL,2000
584,304380,0,0,NULL,0,NULL,3000
585,304730,0,0,NULL,0,NULL,300
586,306510,0,0,NULL,0,NULL,500
587,309600,0,0,NULL,0,NULL,400
588,309610,0,0,NULL,0,NULL,550
589,304410,0,0,NULL,0,NULL,2000
590,304420,0,0,NULL,0,NULL,2000
591,304532,0,0,NULL,0,NULL,3250
592,304820,0,0,NULL,0,NULL,1300
593,304830,0,0,NULL,0,NULL,1000
594,010390,0,0,NULL,0,NULL,600
595,011010,0,0,NULL,0,NULL,3000
596,106380,0,0,NULL,0,NULL,5200
597,106390,0,0,NULL,0,NULL,8064
598,106870,0,0,NULL,0,NULL,5040
599,106880,0,0,NULL,0,NULL,5040
600,108200,0,0,NULL,0,NULL,3024
601,108760,0,0,NULL,0,NULL,5760
602,109500,0,0,NULL,0,NULL,2500
603,806576,0,0,NULL,0,NULL,1440
604,801125,0,0,NULL,0,NULL,2400
605,903210,0,0,NULL,0,NULL,288
606,903720,0,0,NULL,0,NULL,288
607,904860,0,0,NULL,0,NULL,384
608,905760,0,0,NULL,0,NULL,288
609,905770,0,0,NULL,0,NULL,288
610,906760,0,0,NULL,0,NULL,288
611,906770,0,0,NULL,0,NULL,288
612,806296,0,0,NULL,0,NULL,1200
613,902670,0,0,FG,0,NULL,360
614,902680,0,0,NULL,0,NULL,672
615,902870,0,0,NULL,0,NULL,864
616,805633,0,0,NULL,0,NULL,450
617,805663,0,0,NULL,0,NULL,360
618,806815,0,0,NULL,0,NULL,3600
619,903310,0,0,NULL,0,NULL,576
620,806395,0,0,TOY,0,NULL,6000
621,806535,0,0,NULL,0,NULL,336
622,903710,0,0,NULL,0,NULL,288
623,903740,0,0,NULL,0,NULL,576
624,904760,0,0,NULL,0,NULL,384
625,904770,0,0,NULL,0,NULL,384
626,801273,0,0,NULL,0,NULL,2400
627,803403,0,0,NULL,0,NULL,2400
628,806403,0,0,NULL,0,NULL,720
629,806413,0,0,NULL,0,NULL,720
630,806423,0,0,NULL,0,NULL,720
631,907390,0,0,NULL,0,NULL,320
632,906496,0,0,NULL,0,NULL,432
633,906180,0,0,NULL,0,NULL,60
634,905390,0,0,TOY,0,NULL,96
635,905120,0,0,NULL,0,NULL,120
636,904870,0,0,NULL,0,NULL,384
637,904425,0,0,NULL,0,NULL,864
638,904370,0,0,NULL,0,NULL,336
639,904350,0,0,NULL,0,NULL,175
640,904290,0,0,NULL,0,NULL,576
641,904200,0,0,NULL,0,NULL,144
642,903750,0,0,NULL,0,NULL,864
643,903350,0,0,NULL,0,NULL,576
644,903340,0,0,NULL,0,NULL,120
645,903300,0,0,NULL,0,NULL,1344
646,902620,0,0,NULL,0,NULL,360
647,806513,0,0,NULL,0,NULL,2160
648,806343,0,0,NULL,0,NULL,1800
649,806333,0,0,NULL,0,NULL,900
650,805843,0,0,NULL,0,NULL,360
651,500520,0,0,NULL,0,NULL,360
652,500570,0,0,NULL,0,NULL,360
653,500630,0,0,NULL,0,NULL,360
654,500640,0,0,NULL,0,NULL,360
655,807580,0,0,NULL,0,NULL,2400
656,902800,0,0,NULL,0,NULL,360
657,907866,0,0,NULL,0,NULL,360
658,820033,0,0,NULL,0,NULL,1440
659,601234,0,0,NULL,0,NULL,3600
660,601320,0,0,NULL,0,NULL,6000
661,902100,0,0,NULL,0,NULL,1080
662,902180,0,0,NULL,0,NULL,126
663,903240,0,0,NULL,0,NULL,864
664,805343,0,0,NULL,0,NULL,900
665,805353,0,0,NULL,0,NULL,900
666,805373,0,0,NULL,0,NULL,1800
667,90500,0,0,NULL,0,NULL,112
668,806385,0,0,NULL,0,NULL,NULL
669,902790,0,0,NULL,0,NULL,NULL
670,806875,0,0,TOY,0,NULL,NULL
671,806885,0,0,TOY,0,NULL,NULL
672,500410,0,0,NULL,0,NULL,NULL
673,500490,0,0,NULL,0,NULL,NULL
674,807020,0,24,DGS,0,NULL,NULL
675,807030,0,24,DGS,0,NULL,NULL
676,807040,0,24,NULL,0,NULL,NULL
677,806640,0,0,TOY,0,NULL,NULL
678,906590,0,0,TOY,0,NULL,NULL
679,906590,0,0,TOY,0,NULL,NULL
680,302610,0,0,TOY,0,NULL,NULL
681,803535,0,0,TOY,0,NULL,NULL
682,900770,0,0,TOY,0,NULL,NULL
683,906540,0,0,TOY,0,NULL,NULL
684,907670,0,0,TOY,0,NULL,NULL
685,907700,0,0,TOY,0,NULL,NULL
686,806440,0,0,TOY,0,NULL,NULL
687,806455,0,0,TOY,0,NULL,NULL
688,806465,0,0,TOY,0,NULL,NULL
689,806655,0,0,TOY,0,NULL,NULL
690,806665,0,0,TOY,0,NULL,NULL
691,908200,0,0,TOY,0,NULL,NULL
692,806795,0,0,TOY,0,NULL,NULL
693,807015,0,0,TOY,0,NULL,NULL
694,806785,0,0,TOY,0,NULL,NULL
695,806745,0,0,TOY,0,NULL,NULL
696,806845,0,0,TOY,0,NULL,NULL
697,904720,0,0,TOY,0,NULL,NULL
698,906910,0,0,TOY,0,NULL,NULL
699,906850,0,0,TOY,0,NULL,NULL
700,908760,0,0,TOY,0,NULL,NULL
701,909500,0,0,TOY,0,NULL,NULL
702,909510,0,0,TOY,0,NULL,NULL
703,904840,0,0,TOY,0,NULL,NULL
704,909870,0,0,TOY,0,NULL,NULL
705,907680,0,0,TOY,0,NULL,NULL
706,907690,0,0,TOY,0,NULL,NULL
707,806770,24,0,NULL,0,NULL,NULL
708,808360,0,24,NULL,0,NULL,NULL
709,808770,0,24,NULL,0,NULL,NULL
710,906920,0,0,TOY,0,NULL,NULL
711,803230,0,0,"MBDS OUT",0,NULL,NULL
714,806360,0,1,SFLOW-10,0,NULL,NULL
